{
  "id": "2e917bc7-c6d5-4bf1-adbb-25f5c5f98011",
  "title": "Revit Connection Established",
  "content": "Revit add-in successfully connected to Tycoon AI-BIM server",
  "tags": [
    "revit",
    "connection",
    "system"
  ],
  "category": "system",
  "importance": 8,
  "accessCount": 0,
  "lastAccessed": "2025-06-24T13:50:45.569Z",
  "created": "2025-06-24T13:50:45.569Z",
  "modified": "2025-06-24T13:50:45.569Z",
  "context": "default",
  "relationships": [],
  "summary": "Revit add-in successfully connected to Tycoon AI-BIM server",
  "keyInsights": [
    "revit add-in",
    "add-in successfully",
    "successfully connected"
  ]
}