{
  "id": "9002192b-f564-4ef4-9f4a-e1a655942490",
  "title": "Revit Selection - 0 elements",
  "content": "{\n  \"elements\": [],\n  \"count\": 0,\n  \"timestamp\": \"2025-06-24T13:53:54.9292091Z\",\n  \"viewId\": null,\n  \"viewName\": null,\n  \"documentTitle\": \"PyRevit Retama Playground\"\n}",
  "tags": [
    "revit",
    "selection",
    "context"
  ],
  "category": "revit-selection",
  "importance": 6,
  "accessCount": 0,
  "lastAccessed": "2025-06-24T13:53:54.928Z",
  "created": "2025-06-24T13:53:54.928Z",
  "modified": "2025-06-24T13:53:54.928Z",
  "context": "Document: PyRevit Retama Playground, View: null",
  "relationships": [],
  "summary": "{\n  \"elements\": [],\n  \"count\": 0,\n  \"timestamp\": \"2025-06-24T13:53:54",
  "keyInsights": [
    "{ \"elements\":",
    "\"elements\": [],",
    "[], \"count\":"
  ]
}