{
  "id": "d7f1d95a-cdd6-4a04-8afb-f885f90bbaaa",
  "title": "Revit Connection Established",
  "content": "Revit add-in successfully connected to Tycoon AI-BIM server",
  "tags": [
    "revit",
    "connection",
    "system"
  ],
  "category": "system",
  "importance": 8,
  "accessCount": 0,
  "lastAccessed": "2025-06-24T14:02:02.579Z",
  "created": "2025-06-24T14:02:02.579Z",
  "modified": "2025-06-24T14:02:02.579Z",
  "context": "default",
  "relationships": [],
  "summary": "Revit add-in successfully connected to Tycoon AI-BIM server",
  "keyInsights": [
    "revit add-in",
    "add-in successfully",
    "successfully connected"
  ]
}