{
  "id": "bc8855c7-c98a-40f7-b539-f98f808287a8",
  "title": "Revit Connection Established",
  "content": "Revit add-in successfully connected to Tycoon AI-BIM server",
  "tags": [
    "revit",
    "connection",
    "system"
  ],
  "category": "system",
  "importance": 8,
  "accessCount": 0,
  "lastAccessed": "2025-06-24T14:33:37.053Z",
  "created": "2025-06-24T14:33:37.053Z",
  "modified": "2025-06-24T14:33:37.053Z",
  "context": "default",
  "relationships": [],
  "summary": "Revit add-in successfully connected to Tycoon AI-BIM server",
  "keyInsights": [
    "revit add-in",
    "add-in successfully",
    "successfully connected"
  ]
}