{
  "id": "fc804526-9a4c-4196-8a7d-37e9da9eda4e",
  "title": "Revit Connection Established",
  "content": "Revit add-in successfully connected to Tycoon AI-BIM server",
  "tags": [
    "revit",
    "connection",
    "system"
  ],
  "category": "system",
  "importance": 8,
  "accessCount": 0,
  "lastAccessed": "2025-06-24T14:41:59.944Z",
  "created": "2025-06-24T14:41:59.944Z",
  "modified": "2025-06-24T14:41:59.944Z",
  "context": "default",
  "relationships": [],
  "summary": "Revit add-in successfully connected to Tycoon AI-BIM server",
  "keyInsights": [
    "revit add-in",
    "add-in successfully",
    "successfully connected"
  ]
}