{
  "id": "0900231c-2fb3-4575-a67c-39c2f812fe1b",
  "title": "Revit Connection Established",
  "content": "Revit add-in successfully connected to Tycoon AI-BIM server",
  "tags": [
    "revit",
    "connection",
    "system"
  ],
  "category": "system",
  "importance": 8,
  "accessCount": 0,
  "lastAccessed": "2025-06-24T14:51:11.997Z",
  "created": "2025-06-24T14:51:11.997Z",
  "modified": "2025-06-24T14:51:11.997Z",
  "context": "default",
  "relationships": [],
  "summary": "Revit add-in successfully connected to Tycoon AI-BIM server",
  "keyInsights": [
    "revit add-in",
    "add-in successfully",
    "successfully connected"
  ]
}